<?xml version="1.0" encoding="utf-8" standalone="no"?>
<!DOCTYPE toc PUBLIC "-//Sun Microsystems Inc.//DTD JavaHelp TOC Version 1.0//EN" "http://java.sun.com/products/javahelp/toc_1_0.dtd">
<toc version="1.0">
<tocitem target="index" text="The Scilab Serial Communication Toolbox">
<tocitem target="section_f4c9959e6137b070fe0de9aa1a540fc4" text="The Scilab Serial Communication Toolbox">
<tocitem target="closeserial" text="closeserial"/>
<tocitem target="openserial" text="openserial"/>
<tocitem target="readserial" text="readserial"/>
<tocitem target="serialstatus" text="serialstatus"/>
<tocitem target="writeserial" text="writeserial"/>
</tocitem>
</tocitem>
</toc>